{
    "layouts": {
        "LAYOUT": {
            "layout": [
                {
                    "row": 0,
                    "col": 0,
                    "x": 0,
                    "y": 1,
                    "w": 1,
                    "h": 1,
                    "r": 0,
                    "rx": 0,
                    "ry": 1
                },
                {
                    "row": 0,
                    "col": 1,
                    "x": 1,
                    "y": 1,
                    "w": 1,
                    "h": 1,
                    "r": 0,
                    "rx": 1,
                    "ry": 1
                },
                {
                    "row": 0,
                    "col": 2,
                    "x": 2,
                    "y": 0.75,
                    "w": 1,
                    "h": 1,
                    "r": 0,
                    "rx": 2,
                    "ry": 0.75
                },
                {
                    "row": 0,
                    "col": 3,
                    "x": 3,
                    "y": 0.5,
                    "w": 1,
                    "h": 1,
                    "r": 0,
                    "rx": 3,
                    "ry": 0.5
                },
                {
                    "row": 0,
                    "col": 4,
                    "x": 4,
                    "y": 0.75,
                    "w": 1,
                    "h": 1,
                    "r": 0,
                    "rx": 4,
                    "ry": 0.75
                },
                {
                    "row": 0,
                    "col": 5,
                    "x": 5,
                    "y": 1,
                    "w": 1,
                    "h": 1,
                    "r": 0,
                    "rx": 5,
                    "ry": 1
                },
                {
                    "row": 0,
                    "col": 10,
                    "x": 13.134018873686678,
                    "y": 1,
                    "w": 1,
                    "h": 1,
                    "r": 0,
                    "rx": 13.134018873686678,
                    "ry": 1
                },
                {
                    "row": 0,
                    "col": 11,
                    "x": 14.134018873686678,
                    "y": 0.75,
                    "w": 1,
                    "h": 1,
                    "r": 0,
                    "rx": 14.134018873686678,
                    "ry": 0.75
                },
                {
                    "row": 0,
                    "col": 12,
                    "x": 15.134018873686678,
                    "y": 0.5,
                    "w": 1,
                    "h": 1,
                    "r": 0,
                    "rx": 15.134018873686678,
                    "ry": 0.5
                },
                {
                    "row": 0,
                    "col": 13,
                    "x": 16.134018873686678,
                    "y": 0.75,
                    "w": 1,
                    "h": 1,
                    "r": 0,
                    "rx": 16.134018873686678,
                    "ry": 0.75
                },
                {
                    "row": 0,
                    "col": 14,
                    "x": 17.134018873686678,
                    "y": 1,
                    "w": 1,
                    "h": 1,
                    "r": 0,
                    "rx": 17.134018873686678,
                    "ry": 1
                },
                {
                    "row": 0,
                    "col": 15,
                    "x": 18.134018873686678,
                    "y": 1,
                    "w": 1,
                    "h": 1,
                    "r": 0,
                    "rx": 18.134018873686678,
                    "ry": 1
                },
                {
                    "row": 1,
                    "col": 0,
                    "x": 0,
                    "y": 2,
                    "w": 1,
                    "h": 1,
                    "r": 0,
                    "rx": 0,
                    "ry": 2
                },
                {
                    "row": 1,
                    "col": 1,
                    "x": 1,
                    "y": 2,
                    "w": 1,
                    "h": 1,
                    "r": 0,
                    "rx": 1,
                    "ry": 2
                },
                {
                    "row": 1,
                    "col": 2,
                    "x": 2,
                    "y": 1.75,
                    "w": 1,
                    "h": 1,
                    "r": 0,
                    "rx": 2,
                    "ry": 1.75
                },
                {
                    "row": 1,
                    "col": 3,
                    "x": 3,
                    "y": 1.5,
                    "w": 1,
                    "h": 1,
                    "r": 0,
                    "rx": 3,
                    "ry": 1.5
                },
                {
                    "row": 1,
                    "col": 4,
                    "x": 4,
                    "y": 1.75,
                    "w": 1,
                    "h": 1,
                    "r": 0,
                    "rx": 4,
                    "ry": 1.75
                },
                {
                    "row": 1,
                    "col": 5,
                    "x": 5,
                    "y": 2,
                    "w": 1,
                    "h": 1,
                    "r": 0,
                    "rx": 5,
                    "ry": 2
                },
                {
                    "row": 1,
                    "col": 10,
                    "x": 13.134018873686678,
                    "y": 2,
                    "w": 1,
                    "h": 1,
                    "r": 0,
                    "rx": 13.134018873686678,
                    "ry": 2
                },
                {
                    "row": 1,
                    "col": 11,
                    "x": 14.134018873686678,
                    "y": 1.75,
                    "w": 1,
                    "h": 1,
                    "r": 0,
                    "rx": 14.134018873686678,
                    "ry": 1.75
                },
                {
                    "row": 1,
                    "col": 12,
                    "x": 15.134018873686678,
                    "y": 1.5,
                    "w": 1,
                    "h": 1,
                    "r": 0,
                    "rx": 15.134018873686678,
                    "ry": 1.5
                },
                {
                    "row": 1,
                    "col": 13,
                    "x": 16.134018873686678,
                    "y": 1.75,
                    "w": 1,
                    "h": 1,
                    "r": 0,
                    "rx": 16.134018873686678,
                    "ry": 1.75
                },
                {
                    "row": 1,
                    "col": 14,
                    "x": 17.134018873686678,
                    "y": 2,
                    "w": 1,
                    "h": 1,
                    "r": 0,
                    "rx": 17.134018873686678,
                    "ry": 2
                },
                {
                    "row": 1,
                    "col": 15,
                    "x": 18.134018873686678,
                    "y": 2,
                    "w": 1,
                    "h": 1,
                    "r": 0,
                    "rx": 18.134018873686678,
                    "ry": 2
                },
                {
                    "row": 2,
                    "col": 0,
                    "x": 0,
                    "y": 3,
                    "w": 1,
                    "h": 1,
                    "r": 0,
                    "rx": 0,
                    "ry": 3
                },
                {
                    "row": 2,
                    "col": 1,
                    "x": 1,
                    "y": 3,
                    "w": 1,
                    "h": 1,
                    "r": 0,
                    "rx": 1,
                    "ry": 3
                },
                {
                    "row": 2,
                    "col": 2,
                    "x": 2,
                    "y": 2.75,
                    "w": 1,
                    "h": 1,
                    "r": 0,
                    "rx": 2,
                    "ry": 2.75
                },
                {
                    "row": 2,
                    "col": 3,
                    "x": 3,
                    "y": 2.5,
                    "w": 1,
                    "h": 1,
                    "r": 0,
                    "rx": 3,
                    "ry": 2.5
                },
                {
                    "row": 2,
                    "col": 4,
                    "x": 4,
                    "y": 2.75,
                    "w": 1,
                    "h": 1,
                    "r": 0,
                    "rx": 4,
                    "ry": 2.75
                },
                {
                    "row": 2,
                    "col": 5,
                    "x": 5,
                    "y": 3,
                    "w": 1,
                    "h": 1,
                    "r": 0,
                    "rx": 5,
                    "ry": 3
                },
                {
                    "row": 2,
                    "col": 6,
                    "x": 6.206716503213707,
                    "y": 3.021599117284179,
                    "w": 1,
                    "h": 1,
                    "r": 11.93,
                    "rx": 6.206716503213707,
                    "ry": 3.021599117284179
                },
                {
                    "row": 2,
                    "col": 7,
                    "x": 7.369132011205094,
                    "y": 3.286211649761267,
                    "w": 1,
                    "h": 1,
                    "r": 23,
                    "rx": 7.369132011205094,
                    "ry": 3.286211649761267
                },
                {
                    "row": 2,
                    "col": 8,
                    "x": 10.844382009029143,
                    "y": 3.676942778250541,
                    "w": 1,
                    "h": 1,
                    "r": -23,
                    "rx": 10.844382009029143,
                    "ry": 3.676942778250541
                },
                {
                    "row": 2,
                    "col": 9,
                    "x": 11.94890148775715,
                    "y": 3.2283156204978862,
                    "w": 1,
                    "h": 1,
                    "r": -11.93,
                    "rx": 11.94890148775715,
                    "ry": 3.2283156204978862
                },
                {
                    "row": 2,
                    "col": 10,
                    "x": 13.134018873686678,
                    "y": 3,
                    "w": 1,
                    "h": 1,
                    "r": 0,
                    "rx": 13.134018873686678,
                    "ry": 3
                },
                {
                    "row": 2,
                    "col": 11,
                    "x": 14.134018873686678,
                    "y": 2.75,
                    "w": 1,
                    "h": 1,
                    "r": 0,
                    "rx": 14.134018873686678,
                    "ry": 2.75
                },
                {
                    "row": 2,
                    "col": 12,
                    "x": 15.134018873686678,
                    "y": 2.5,
                    "w": 1,
                    "h": 1,
                    "r": 0,
                    "rx": 15.134018873686678,
                    "ry": 2.5
                },
                {
                    "row": 2,
                    "col": 13,
                    "x": 16.134018873686678,
                    "y": 2.75,
                    "w": 1,
                    "h": 1,
                    "r": 0,
                    "rx": 16.134018873686678,
                    "ry": 2.75
                },
                {
                    "row": 2,
                    "col": 14,
                    "x": 17.134018873686678,
                    "y": 3,
                    "w": 1,
                    "h": 1,
                    "r": 0,
                    "rx": 17.134018873686678,
                    "ry": 3
                },
                {
                    "row": 2,
                    "col": 15,
                    "x": 18.134018873686678,
                    "y": 3,
                    "w": 1,
                    "h": 1,
                    "r": 0,
                    "rx": 18.134018873686678,
                    "ry": 3
                },
                {
                    "row": 3,
                    "col": 0,
                    "x": 0,
                    "y": 4,
                    "w": 1,
                    "h": 1,
                    "r": 0,
                    "rx": 0,
                    "ry": 4
                },
                {
                    "row": 3,
                    "col": 1,
                    "x": 1,
                    "y": 4,
                    "w": 1,
                    "h": 1,
                    "r": 0,
                    "rx": 1,
                    "ry": 4
                },
                {
                    "row": 3,
                    "col": 2,
                    "x": 2,
                    "y": 3.75,
                    "w": 1,
                    "h": 1,
                    "r": 0,
                    "rx": 2,
                    "ry": 3.75
                },
                {
                    "row": 3,
                    "col": 3,
                    "x": 3,
                    "y": 3.5,
                    "w": 1,
                    "h": 1,
                    "r": 0,
                    "rx": 3,
                    "ry": 3.5
                },
                {
                    "row": 3,
                    "col": 4,
                    "x": 4.623946793399626,
                    "y": 4.081781628607254,
                    "w": 1,
                    "h": 1,
                    "r": 0,
                    "rx": 4.623946793399626,
                    "ry": 4.081781628607254
                },
                {
                    "row": 3,
                    "col": 5,
                    "x": 5.830663296613333,
                    "y": 4.103380745891433,
                    "w": 1,
                    "h": 1,
                    "r": 11.93,
                    "rx": 5.830663296613333,
                    "ry": 4.103380745891433
                },
                {
                    "row": 3,
                    "col": 6,
                    "x": 6.99307880460472,
                    "y": 4.367993278368521,
                    "w": 1,
                    "h": 1,
                    "r": 23,
                    "rx": 6.99307880460472,
                    "ry": 4.367993278368521
                },
                {
                    "row": 3,
                    "col": 9,
                    "x": 11.220435215629518,
                    "y": 4.7587244068577945,
                    "w": 1,
                    "h": 1,
                    "r": -23,
                    "rx": 11.220435215629518,
                    "ry": 4.7587244068577945
                },
                {
                    "row": 3,
                    "col": 10,
                    "x": 12.324954694357524,
                    "y": 4.31009724910514,
                    "w": 1,
                    "h": 1,
                    "r": -11.93,
                    "rx": 12.324954694357524,
                    "ry": 4.31009724910514
                },
                {
                    "row": 3,
                    "col": 11,
                    "x": 13.510072080287053,
                    "y": 4.081781628607254,
                    "w": 1,
                    "h": 1,
                    "r": 0,
                    "rx": 13.510072080287053,
                    "ry": 4.081781628607254
                },
                {
                    "row": 3,
                    "col": 12,
                    "x": 15.134018873686678,
                    "y": 3.5,
                    "w": 1,
                    "h": 1,
                    "r": 0,
                    "rx": 15.134018873686678,
                    "ry": 3.5
                },
                {
                    "row": 3,
                    "col": 13,
                    "x": 16.134018873686678,
                    "y": 3.75,
                    "w": 1,
                    "h": 1,
                    "r": 0,
                    "rx": 16.134018873686678,
                    "ry": 3.75
                },
                {
                    "row": 3,
                    "col": 14,
                    "x": 17.134018873686678,
                    "y": 4,
                    "w": 1,
                    "h": 1,
                    "r": 0,
                    "rx": 17.134018873686678,
                    "ry": 4
                },
                {
                    "row": 3,
                    "col": 15,
                    "x": 18.134018873686678,
                    "y": 4,
                    "w": 1,
                    "h": 1,
                    "r": 0,
                    "rx": 18.134018873686678,
                    "ry": 4
                }
            ]
        }
    }
}