{
    "layout": {
        "isSplit": true,
        "switchType": "mx-19",
        "keyboardName": "split-ergo-tb",
        "minStabilizer": 2,
        "controllerType": "wireless",
        "leftData": {
            "schemeVersion": "1.3",
            "modules": {
                "switch-00-00": {
                    "x": 0.5,
                    "y": 1,
                    "a": 0,
                    "width": 1,
                    "height": 1,
                    "row": 0,
                    "col": 0,
                    "enabled": true,
                    "moduleType": "switch"
                },
                "switch-00-01": {
                    "x": 1.5,
                    "y": 1,
                    "a": 0,
                    "width": 1,
                    "height": 1,
                    "row": 0,
                    "col": 1,
                    "enabled": true,
                    "moduleType": "switch"
                },
                "switch-00-02": {
                    "x": 2.5,
                    "y": 0.75,
                    "a": 0,
                    "width": 1,
                    "height": 1,
                    "row": 0,
                    "col": 2,
                    "enabled": true,
                    "moduleType": "switch"
                },
                "switch-00-03": {
                    "x": 3.5,
                    "y": 0.5,
                    "a": 0,
                    "width": 1,
                    "height": 1,
                    "row": 0,
                    "col": 3,
                    "enabled": true,
                    "moduleType": "switch",
                    "variant": ""
                },
                "switch-00-04": {
                    "x": 4.5,
                    "y": 0.75,
                    "a": 0,
                    "width": 1,
                    "height": 1,
                    "row": 0,
                    "col": 4,
                    "enabled": true,
                    "moduleType": "switch",
                    "variant": ""
                },
                "switch-00-05": {
                    "x": 5.5,
                    "y": 1,
                    "a": 0,
                    "width": 1,
                    "height": 1,
                    "row": 0,
                    "col": 5,
                    "enabled": true,
                    "moduleType": "switch",
                    "variant": ""
                },
                "switch-00-06": {
                    "x": 0,
                    "y": 6,
                    "a": 0,
                    "width": 1,
                    "height": 1,
                    "row": 0,
                    "col": 6,
                    "enabled": false,
                    "moduleType": "switch"
                },
                "switch-00-07": {
                    "x": 7,
                    "y": 0,
                    "a": 0,
                    "width": 1,
                    "height": 1,
                    "row": 0,
                    "col": 7,
                    "enabled": false,
                    "moduleType": "switch"
                },
                "switch-00-08": {
                    "x": 8,
                    "y": 0,
                    "a": 0,
                    "width": 1,
                    "height": 1,
                    "row": 0,
                    "col": 8,
                    "enabled": false,
                    "moduleType": "switch"
                },
                "switch-00-09": {
                    "x": 9,
                    "y": 0,
                    "a": 0,
                    "width": 1,
                    "height": 1,
                    "row": 0,
                    "col": 9,
                    "enabled": false,
                    "moduleType": "switch"
                },
                "switch-00-10": {
                    "x": 10,
                    "y": 0,
                    "a": 0,
                    "width": 1,
                    "height": 1,
                    "row": 0,
                    "col": 10,
                    "enabled": false,
                    "moduleType": "switch"
                },
                "switch-00-11": {
                    "x": 11,
                    "y": 0,
                    "a": 0,
                    "width": 1,
                    "height": 1,
                    "row": 0,
                    "col": 11,
                    "enabled": false,
                    "moduleType": "switch"
                },
                "switch-00-12": {
                    "x": 12,
                    "y": 0,
                    "a": 0,
                    "width": 1,
                    "height": 1,
                    "row": 0,
                    "col": 12,
                    "enabled": false,
                    "moduleType": "switch"
                },
                "switch-01-00": {
                    "x": 0.5,
                    "y": 2,
                    "a": 0,
                    "width": 1,
                    "height": 1,
                    "row": 1,
                    "col": 0,
                    "enabled": true,
                    "moduleType": "switch",
                    "variant": ""
                },
                "switch-01-01": {
                    "x": 1.5,
                    "y": 2,
                    "a": 0,
                    "width": 1,
                    "height": 1,
                    "row": 1,
                    "col": 1,
                    "enabled": true,
                    "moduleType": "switch",
                    "variant": ""
                },
                "switch-01-02": {
                    "x": 2.5,
                    "y": 1.75,
                    "a": 0,
                    "width": 1,
                    "height": 1,
                    "row": 1,
                    "col": 2,
                    "enabled": true,
                    "moduleType": "switch"
                },
                "switch-01-03": {
                    "x": 3.5,
                    "y": 1.5,
                    "a": 0,
                    "width": 1,
                    "height": 1,
                    "row": 1,
                    "col": 3,
                    "enabled": true,
                    "moduleType": "switch",
                    "variant": ""
                },
                "switch-01-04": {
                    "x": 4.5,
                    "y": 1.75,
                    "a": 0,
                    "width": 1,
                    "height": 1,
                    "row": 1,
                    "col": 4,
                    "enabled": true,
                    "moduleType": "switch"
                },
                "switch-01-05": {
                    "x": 5.5,
                    "y": 2,
                    "a": 0,
                    "width": 1,
                    "height": 1,
                    "row": 1,
                    "col": 5,
                    "enabled": true,
                    "moduleType": "switch",
                    "variant": ""
                },
                "switch-01-06": {
                    "x": 6.5,
                    "y": 3.125,
                    "a": 0,
                    "width": 1,
                    "height": 1,
                    "row": 1,
                    "col": 6,
                    "enabled": false,
                    "moduleType": "switch",
                    "variant": ""
                },
                "switch-01-07": {
                    "x": 7.5,
                    "y": 3.375,
                    "a": 0,
                    "width": 1,
                    "height": 1,
                    "row": 1,
                    "col": 7,
                    "enabled": false,
                    "moduleType": "switch",
                    "keycapOption": {
                        "rowIndex": "R3",
                        "isHoming": false
                    },
                    "variant": ""
                },
                "switch-01-08": {
                    "x": 8,
                    "y": 1,
                    "a": 0,
                    "width": 1,
                    "height": 1,
                    "row": 1,
                    "col": 8,
                    "enabled": false,
                    "moduleType": "switch"
                },
                "switch-01-09": {
                    "x": 9,
                    "y": 1,
                    "a": 0,
                    "width": 1,
                    "height": 1,
                    "row": 1,
                    "col": 9,
                    "enabled": false,
                    "moduleType": "switch"
                },
                "switch-01-10": {
                    "x": 10,
                    "y": 1,
                    "a": 0,
                    "width": 1,
                    "height": 1,
                    "row": 1,
                    "col": 10,
                    "enabled": false,
                    "moduleType": "switch"
                },
                "switch-01-11": {
                    "x": 11,
                    "y": 1,
                    "a": 0,
                    "width": 1,
                    "height": 1,
                    "row": 1,
                    "col": 11,
                    "enabled": false,
                    "moduleType": "switch"
                },
                "switch-01-12": {
                    "x": 12,
                    "y": 1,
                    "a": 0,
                    "width": 1,
                    "height": 1,
                    "row": 1,
                    "col": 12,
                    "enabled": false,
                    "moduleType": "switch"
                },
                "switch-02-00": {
                    "x": 0.5,
                    "y": 3,
                    "a": 0,
                    "width": 1,
                    "height": 1,
                    "row": 2,
                    "col": 0,
                    "enabled": true,
                    "moduleType": "switch"
                },
                "switch-02-01": {
                    "x": 1.5,
                    "y": 3,
                    "a": 0,
                    "width": 1,
                    "height": 1,
                    "row": 2,
                    "col": 1,
                    "enabled": true,
                    "moduleType": "switch"
                },
                "switch-02-02": {
                    "x": 2.5,
                    "y": 2.75,
                    "a": 0,
                    "width": 1,
                    "height": 1,
                    "row": 2,
                    "col": 2,
                    "enabled": true,
                    "moduleType": "switch"
                },
                "switch-02-03": {
                    "x": 3.5,
                    "y": 2.5,
                    "a": 0,
                    "width": 1,
                    "height": 1,
                    "row": 2,
                    "col": 3,
                    "enabled": true,
                    "moduleType": "switch",
                    "variant": ""
                },
                "switch-02-04": {
                    "x": 4.5,
                    "y": 2.75,
                    "a": 0,
                    "width": 1,
                    "height": 1,
                    "row": 2,
                    "col": 4,
                    "enabled": true,
                    "moduleType": "switch",
                    "variant": ""
                },
                "switch-02-05": {
                    "x": 5.5,
                    "y": 3,
                    "a": 0,
                    "width": 1,
                    "height": 1,
                    "row": 2,
                    "col": 5,
                    "enabled": true,
                    "moduleType": "switch"
                },
                "switch-02-06": {
                    "x": 6.592558692964764,
                    "y": 3.114157810248943,
                    "a": 11.93,
                    "width": 1,
                    "height": 1,
                    "row": 2,
                    "col": 6,
                    "enabled": true,
                    "moduleType": "switch",
                    "variant": ""
                },
                "switch-02-07": {
                    "x": 7.634018873686678,
                    "y": 3.441829640732124,
                    "a": 23,
                    "width": 1,
                    "height": 1,
                    "row": 2,
                    "col": 7,
                    "enabled": true,
                    "moduleType": "switch",
                    "variant": ""
                },
                "switch-02-08": {
                    "x": 8,
                    "y": 2,
                    "a": 0,
                    "width": 1,
                    "height": 1,
                    "row": 2,
                    "col": 8,
                    "enabled": false,
                    "moduleType": "switch"
                },
                "switch-02-09": {
                    "x": 9,
                    "y": 2,
                    "a": 0,
                    "width": 1,
                    "height": 1,
                    "row": 2,
                    "col": 9,
                    "enabled": false,
                    "moduleType": "switch"
                },
                "switch-02-10": {
                    "x": 10,
                    "y": 2,
                    "a": 0,
                    "width": 1,
                    "height": 1,
                    "row": 2,
                    "col": 10,
                    "enabled": false,
                    "moduleType": "switch"
                },
                "switch-02-11": {
                    "x": 11,
                    "y": 2,
                    "a": 0,
                    "width": 1,
                    "height": 1,
                    "row": 2,
                    "col": 11,
                    "enabled": false,
                    "moduleType": "switch"
                },
                "switch-02-12": {
                    "x": 12,
                    "y": 2,
                    "a": 0,
                    "width": 1,
                    "height": 1,
                    "row": 2,
                    "col": 12,
                    "enabled": false,
                    "moduleType": "switch"
                },
                "switch-03-00": {
                    "x": 0.5,
                    "y": 4,
                    "a": 0,
                    "width": 1,
                    "height": 1,
                    "row": 3,
                    "col": 0,
                    "enabled": true,
                    "moduleType": "switch"
                },
                "switch-03-01": {
                    "x": 1.5,
                    "y": 4,
                    "a": 0,
                    "width": 1,
                    "height": 1,
                    "row": 3,
                    "col": 1,
                    "enabled": true,
                    "moduleType": "switch"
                },
                "switch-03-02": {
                    "x": 2.5,
                    "y": 3.75,
                    "a": 0,
                    "width": 1,
                    "height": 1,
                    "row": 3,
                    "col": 2,
                    "enabled": true,
                    "moduleType": "switch"
                },
                "switch-03-03": {
                    "x": 3.5,
                    "y": 3.5,
                    "a": 0,
                    "width": 1,
                    "height": 1,
                    "row": 3,
                    "col": 3,
                    "enabled": true,
                    "moduleType": "switch",
                    "variant": ""
                },
                "switch-03-04": {
                    "x": 5.123946793399626,
                    "y": 4.081781628607254,
                    "a": 0,
                    "width": 1,
                    "height": 1,
                    "row": 3,
                    "col": 4,
                    "enabled": true,
                    "moduleType": "switch",
                    "variant": ""
                },
                "switch-03-05": {
                    "x": 6.21650548636439,
                    "y": 4.195939438856197,
                    "a": 11.93,
                    "width": 1,
                    "height": 1,
                    "row": 3,
                    "col": 5,
                    "enabled": true,
                    "moduleType": "switch",
                    "variant": ""
                },
                "switch-03-06": {
                    "x": 7.257965667086304,
                    "y": 4.523611269339378,
                    "a": 23,
                    "width": 1,
                    "height": 1,
                    "row": 3,
                    "col": 6,
                    "enabled": true,
                    "moduleType": "switch",
                    "variant": ""
                },
                "switch-03-07": {
                    "x": 6.592558692964764,
                    "y": 3.114157810248943,
                    "a": 11.93,
                    "width": 1,
                    "height": 1,
                    "row": 3,
                    "col": 7,
                    "enabled": false,
                    "moduleType": "switch",
                    "variant": "",
                    "keycapOption": {
                        "rowIndex": "R3",
                        "isHoming": true
                    }
                },
                "switch-03-08": {
                    "x": 7.634018873686678,
                    "y": 3.441829640732124,
                    "a": 23,
                    "width": 1,
                    "height": 1,
                    "row": 3,
                    "col": 8,
                    "enabled": false,
                    "moduleType": "switch",
                    "keycapOption": {
                        "rowIndex": "R3",
                        "isHoming": true
                    },
                    "variant": ""
                },
                "switch-03-09": {
                    "x": 9,
                    "y": 3,
                    "a": 0,
                    "width": 1,
                    "height": 1,
                    "row": 3,
                    "col": 9,
                    "enabled": false,
                    "moduleType": "switch"
                },
                "switch-03-10": {
                    "x": 10,
                    "y": 3,
                    "a": 0,
                    "width": 1,
                    "height": 1,
                    "row": 3,
                    "col": 10,
                    "enabled": false,
                    "moduleType": "switch"
                },
                "switch-03-11": {
                    "x": 11,
                    "y": 3,
                    "a": 0,
                    "width": 1,
                    "height": 1,
                    "row": 3,
                    "col": 11,
                    "enabled": false,
                    "moduleType": "switch"
                },
                "switch-03-12": {
                    "x": 12,
                    "y": 3,
                    "a": 0,
                    "width": 1,
                    "height": 1,
                    "row": 3,
                    "col": 12,
                    "enabled": false,
                    "moduleType": "switch"
                },
                "switch-04-00": {
                    "x": 0,
                    "y": 4,
                    "a": 0,
                    "width": 1,
                    "height": 1,
                    "row": 4,
                    "col": 0,
                    "enabled": false,
                    "moduleType": "switch"
                },
                "switch-04-01": {
                    "x": 1,
                    "y": 4,
                    "a": 0,
                    "width": 1,
                    "height": 1,
                    "row": 4,
                    "col": 1,
                    "enabled": false,
                    "moduleType": "switch"
                },
                "switch-04-02": {
                    "x": 2,
                    "y": 4,
                    "a": 0,
                    "width": 1,
                    "height": 1,
                    "row": 4,
                    "col": 2,
                    "enabled": false,
                    "moduleType": "switch"
                },
                "switch-04-03": {
                    "x": 3,
                    "y": 4,
                    "a": 0,
                    "width": 1,
                    "height": 1,
                    "row": 4,
                    "col": 3,
                    "enabled": false,
                    "moduleType": "switch"
                },
                "switch-04-04": {
                    "x": 4,
                    "y": 4,
                    "a": 0,
                    "width": 1,
                    "height": 1,
                    "row": 4,
                    "col": 4,
                    "enabled": false,
                    "moduleType": "switch"
                },
                "switch-04-05": {
                    "x": 5,
                    "y": 4,
                    "a": 0,
                    "width": 1,
                    "height": 1,
                    "row": 4,
                    "col": 5,
                    "enabled": false,
                    "moduleType": "switch"
                },
                "switch-04-06": {
                    "x": 6,
                    "y": 4,
                    "a": 0,
                    "width": 1,
                    "height": 1,
                    "row": 4,
                    "col": 6,
                    "enabled": false,
                    "moduleType": "switch"
                },
                "switch-04-07": {
                    "x": 7,
                    "y": 4,
                    "a": 0,
                    "width": 1,
                    "height": 1,
                    "row": 4,
                    "col": 7,
                    "enabled": false,
                    "moduleType": "switch"
                },
                "switch-04-08": {
                    "x": 8,
                    "y": 4,
                    "a": 0,
                    "width": 1,
                    "height": 1,
                    "row": 4,
                    "col": 8,
                    "enabled": false,
                    "moduleType": "switch"
                },
                "switch-04-09": {
                    "x": 9,
                    "y": 4,
                    "a": 0,
                    "width": 1,
                    "height": 1,
                    "row": 4,
                    "col": 9,
                    "enabled": false,
                    "moduleType": "switch"
                },
                "switch-04-10": {
                    "x": 10,
                    "y": 4,
                    "a": 0,
                    "width": 1,
                    "height": 1,
                    "row": 4,
                    "col": 10,
                    "enabled": false,
                    "moduleType": "switch"
                },
                "switch-04-11": {
                    "x": 11,
                    "y": 4,
                    "a": 0,
                    "width": 1,
                    "height": 1,
                    "row": 4,
                    "col": 11,
                    "enabled": false,
                    "moduleType": "switch"
                },
                "switch-04-12": {
                    "x": 12,
                    "y": 4,
                    "a": 0,
                    "width": 1,
                    "height": 1,
                    "row": 4,
                    "col": 12,
                    "enabled": false,
                    "moduleType": "switch"
                },
                "switch-05-00": {
                    "x": 0,
                    "y": 5,
                    "a": 0,
                    "width": 1,
                    "height": 1,
                    "row": 5,
                    "col": 0,
                    "enabled": false,
                    "moduleType": "switch"
                },
                "switch-05-01": {
                    "x": 1,
                    "y": 5,
                    "a": 0,
                    "width": 1,
                    "height": 1,
                    "row": 5,
                    "col": 1,
                    "enabled": false,
                    "moduleType": "switch"
                },
                "switch-05-02": {
                    "x": 2,
                    "y": 5,
                    "a": 0,
                    "width": 1,
                    "height": 1,
                    "row": 5,
                    "col": 2,
                    "enabled": false,
                    "moduleType": "switch"
                },
                "switch-05-03": {
                    "x": 3,
                    "y": 5,
                    "a": 0,
                    "width": 1,
                    "height": 1,
                    "row": 5,
                    "col": 3,
                    "enabled": false,
                    "moduleType": "switch"
                },
                "switch-05-04": {
                    "x": 4,
                    "y": 5,
                    "a": 0,
                    "width": 1,
                    "height": 1,
                    "row": 5,
                    "col": 4,
                    "enabled": false,
                    "moduleType": "switch"
                },
                "switch-05-05": {
                    "x": 5,
                    "y": 5,
                    "a": 0,
                    "width": 1,
                    "height": 1,
                    "row": 5,
                    "col": 5,
                    "enabled": false,
                    "moduleType": "switch"
                },
                "switch-05-06": {
                    "x": 6,
                    "y": 5,
                    "a": 0,
                    "width": 1,
                    "height": 1,
                    "row": 5,
                    "col": 6,
                    "enabled": false,
                    "moduleType": "switch"
                },
                "switch-05-07": {
                    "x": 7,
                    "y": 5,
                    "a": 0,
                    "width": 1,
                    "height": 1,
                    "row": 5,
                    "col": 7,
                    "enabled": false,
                    "moduleType": "switch"
                },
                "switch-05-08": {
                    "x": 8,
                    "y": 5,
                    "a": 0,
                    "width": 1,
                    "height": 1,
                    "row": 5,
                    "col": 8,
                    "enabled": false,
                    "moduleType": "switch"
                },
                "switch-05-09": {
                    "x": 9,
                    "y": 5,
                    "a": 0,
                    "width": 1,
                    "height": 1,
                    "row": 5,
                    "col": 9,
                    "enabled": false,
                    "moduleType": "switch"
                },
                "switch-05-10": {
                    "x": 10,
                    "y": 5,
                    "a": 0,
                    "width": 1,
                    "height": 1,
                    "row": 5,
                    "col": 10,
                    "enabled": false,
                    "moduleType": "switch"
                },
                "switch-05-11": {
                    "x": 11,
                    "y": 5,
                    "a": 0,
                    "width": 1,
                    "height": 1,
                    "row": 5,
                    "col": 11,
                    "enabled": false,
                    "moduleType": "switch"
                },
                "switch-05-12": {
                    "x": 12,
                    "y": 5,
                    "a": 0,
                    "width": 1,
                    "height": 1,
                    "row": 5,
                    "col": 12,
                    "enabled": false,
                    "moduleType": "switch"
                },
                "controller": {
                    "x": 4.5,
                    "y": 1,
                    "a": 0,
                    "width": 0,
                    "height": 1,
                    "row": 4,
                    "col": 0,
                    "enabled": true,
                    "moduleType": "controller",
                    "variant": "side1"
                },
                "encoder": {
                    "x": 0,
                    "y": 0,
                    "a": 0,
                    "width": 1,
                    "height": 1,
                    "row": 4,
                    "col": 1,
                    "enabled": false,
                    "moduleType": "encoder"
                },
                "trackball": {
                    "x": 7.5,
                    "y": 1.375,
                    "a": 0,
                    "width": 2,
                    "height": 2,
                    "row": 4,
                    "col": 2,
                    "enabled": true,
                    "moduleType": "trackball",
                    "variant": "index-34"
                },
                "trackpad": {
                    "x": 0,
                    "y": 0,
                    "a": 0,
                    "width": 2,
                    "height": 2,
                    "row": 4,
                    "col": 3,
                    "enabled": false,
                    "moduleType": "trackpad",
                    "variant": "circle-30",
                    "zOffset": 0
                },
                "switch-00-13": {
                    "x": 13.16484602807473,
                    "y": 0,
                    "a": 0,
                    "width": 1,
                    "height": 1,
                    "row": 0,
                    "col": 13,
                    "enabled": false,
                    "moduleType": "switch",
                    "variant": "default"
                },
                "switch-01-13": {
                    "x": 13.16484602807473,
                    "y": 1,
                    "a": 0,
                    "width": 1,
                    "height": 1,
                    "row": 1,
                    "col": 13,
                    "enabled": false,
                    "moduleType": "switch",
                    "variant": "default"
                },
                "switch-02-13": {
                    "x": 13.16484602807473,
                    "y": 2,
                    "a": 0,
                    "width": 1,
                    "height": 1,
                    "row": 2,
                    "col": 13,
                    "enabled": false,
                    "moduleType": "switch",
                    "variant": "default"
                },
                "switch-00-14": {
                    "x": 14.16484602807473,
                    "y": 0,
                    "a": 0,
                    "width": 1,
                    "height": 1,
                    "row": 0,
                    "col": 14,
                    "enabled": false,
                    "moduleType": "switch",
                    "variant": "default"
                },
                "switch-01-14": {
                    "x": 14.16484602807473,
                    "y": 1,
                    "a": 0,
                    "width": 1,
                    "height": 1,
                    "row": 1,
                    "col": 14,
                    "enabled": false,
                    "moduleType": "switch",
                    "variant": "default"
                },
                "switch-02-14": {
                    "x": 14.16484602807473,
                    "y": 2,
                    "a": 0,
                    "width": 1,
                    "height": 1,
                    "row": 2,
                    "col": 14,
                    "enabled": false,
                    "moduleType": "switch",
                    "variant": "default"
                },
                "switch-03-13": {
                    "x": 13.16484602807473,
                    "y": 3,
                    "a": 0,
                    "width": 1,
                    "height": 1,
                    "row": 3,
                    "col": 13,
                    "enabled": false,
                    "moduleType": "switch",
                    "variant": "default"
                },
                "switch-00-15": {
                    "x": 15.16484602807473,
                    "y": 0,
                    "a": 0,
                    "width": 1,
                    "height": 1,
                    "row": 0,
                    "col": 15,
                    "enabled": false,
                    "moduleType": "switch",
                    "variant": "default"
                },
                "switch-00-16": {
                    "x": 16.16484602807473,
                    "y": 0,
                    "a": 0,
                    "width": 1,
                    "height": 1,
                    "row": 0,
                    "col": 16,
                    "enabled": false,
                    "moduleType": "switch",
                    "variant": "default"
                },
                "switch-03-14": {
                    "x": 14.16484602807473,
                    "y": 3,
                    "a": 0,
                    "width": 1,
                    "height": 1,
                    "row": 3,
                    "col": 14,
                    "enabled": false,
                    "moduleType": "switch",
                    "variant": "default"
                },
                "switch-01-15": {
                    "x": 15.16484602807473,
                    "y": 1,
                    "a": 0,
                    "width": 1,
                    "height": 1,
                    "row": 1,
                    "col": 15,
                    "enabled": false,
                    "moduleType": "switch",
                    "variant": "default"
                },
                "switch-02-15": {
                    "x": 15.16484602807473,
                    "y": 2,
                    "a": 0,
                    "width": 1,
                    "height": 1,
                    "row": 2,
                    "col": 15,
                    "enabled": false,
                    "moduleType": "switch",
                    "variant": "default"
                },
                "switch-03-15": {
                    "x": 15.16484602807473,
                    "y": 3,
                    "a": 0,
                    "width": 1,
                    "height": 1,
                    "row": 3,
                    "col": 15,
                    "enabled": false,
                    "moduleType": "switch",
                    "variant": "default"
                },
                "switch-01-16": {
                    "x": 16.16484602807473,
                    "y": 1,
                    "a": 0,
                    "width": 1,
                    "height": 1,
                    "row": 1,
                    "col": 16,
                    "enabled": false,
                    "moduleType": "switch",
                    "variant": "default"
                },
                "switch-02-16": {
                    "x": 16.16484602807473,
                    "y": 2,
                    "a": 0,
                    "width": 1,
                    "height": 1,
                    "row": 2,
                    "col": 16,
                    "enabled": false,
                    "moduleType": "switch",
                    "variant": "default"
                },
                "switch-03-16": {
                    "x": 16.16484602807473,
                    "y": 3,
                    "a": 0,
                    "width": 1,
                    "height": 1,
                    "row": 3,
                    "col": 16,
                    "enabled": false,
                    "moduleType": "switch",
                    "variant": "default"
                },
                "switch-00-17": {
                    "x": 17.16484602807473,
                    "y": 0,
                    "a": 0,
                    "width": 1,
                    "height": 1,
                    "row": 0,
                    "col": 17,
                    "enabled": false,
                    "moduleType": "switch",
                    "variant": "default"
                },
                "switch-01-17": {
                    "x": 17.16484602807473,
                    "y": 1,
                    "a": 0,
                    "width": 1,
                    "height": 1,
                    "row": 1,
                    "col": 17,
                    "enabled": false,
                    "moduleType": "switch",
                    "variant": "default"
                },
                "switch-02-17": {
                    "x": 17.16484602807473,
                    "y": 2,
                    "a": 0,
                    "width": 1,
                    "height": 1,
                    "row": 2,
                    "col": 17,
                    "enabled": false,
                    "moduleType": "switch",
                    "variant": "default"
                },
                "switch-03-17": {
                    "x": 17.16484602807473,
                    "y": 3,
                    "a": 0,
                    "width": 1,
                    "height": 1,
                    "row": 3,
                    "col": 17,
                    "enabled": false,
                    "moduleType": "switch",
                    "variant": "default"
                },
                "switch-06-00": {
                    "x": 0.1648460280747308,
                    "y": 6,
                    "a": 0,
                    "width": 1,
                    "height": 1,
                    "row": 6,
                    "col": 0,
                    "enabled": false,
                    "moduleType": "switch",
                    "variant": "default"
                },
                "switch-06-01": {
                    "x": 1.1648460280747308,
                    "y": 6,
                    "a": 0,
                    "width": 1,
                    "height": 1,
                    "row": 6,
                    "col": 1,
                    "enabled": false,
                    "moduleType": "switch",
                    "variant": "default"
                },
                "switch-06-02": {
                    "x": 2.164846028074731,
                    "y": 6,
                    "a": 0,
                    "width": 1,
                    "height": 1,
                    "row": 6,
                    "col": 2,
                    "enabled": false,
                    "moduleType": "switch",
                    "variant": "default"
                },
                "switch-06-03": {
                    "x": 3.164846028074731,
                    "y": 6,
                    "a": 0,
                    "width": 1,
                    "height": 1,
                    "row": 6,
                    "col": 3,
                    "enabled": false,
                    "moduleType": "switch",
                    "variant": "default"
                },
                "switch-06-04": {
                    "x": 4.164846028074731,
                    "y": 6,
                    "a": 0,
                    "width": 1,
                    "height": 1,
                    "row": 6,
                    "col": 4,
                    "enabled": false,
                    "moduleType": "switch",
                    "variant": "default"
                },
                "switch-06-05": {
                    "x": 5.164846028074731,
                    "y": 6,
                    "a": 0,
                    "width": 1,
                    "height": 1,
                    "row": 6,
                    "col": 5,
                    "enabled": false,
                    "moduleType": "switch",
                    "variant": "default"
                },
                "padding-00": {
                    "x": 5.657901321979202,
                    "y": 3.9361005309548416,
                    "a": 23,
                    "width": 1,
                    "height": 1.25,
                    "row": 0,
                    "col": 0,
                    "enabled": false,
                    "moduleType": "padding",
                    "variant": "board"
                },
                "padding-01": {
                    "x": 5.875,
                    "y": 3.6715789473684204,
                    "a": 18,
                    "width": 1,
                    "height": 1,
                    "row": 1,
                    "col": 0,
                    "enabled": false,
                    "moduleType": "padding",
                    "variant": "blocker"
                },
                "padding-02": {
                    "x": 4.849999999999998,
                    "y": 3.474999999999998,
                    "a": 6,
                    "width": 1,
                    "height": 1,
                    "row": 2,
                    "col": 0,
                    "enabled": false,
                    "moduleType": "padding",
                    "variant": "blocker"
                },
                "padding-03": {
                    "x": 3.75,
                    "y": 3,
                    "a": 0,
                    "width": 1.5,
                    "height": 2,
                    "row": 3,
                    "col": 0,
                    "enabled": false,
                    "moduleType": "padding",
                    "variant": "blocker"
                },
                "padding-04": {
                    "x": 5.499459382032018,
                    "y": 1.9550500308368575,
                    "a": 0,
                    "width": 0.25,
                    "height": 0.125,
                    "row": 4,
                    "col": 0,
                    "enabled": true,
                    "moduleType": "padding",
                    "variant": "blocker"
                },
                "padding-05": {
                    "x": 9,
                    "y": 0.5,
                    "a": 0,
                    "width": 7,
                    "height": "0.125",
                    "row": 5,
                    "col": 0,
                    "enabled": false,
                    "moduleType": "padding",
                    "variant": "blocker"
                },
                "padding-06": {
                    "x": 2.875,
                    "y": 3.375,
                    "a": 0,
                    "width": 2,
                    "height": 1,
                    "row": 6,
                    "col": 0,
                    "enabled": false,
                    "moduleType": "padding",
                    "variant": ""
                },
                "padding-07": {
                    "x": 6.5,
                    "y": 3.25,
                    "a": 0,
                    "width": 0.25,
                    "height": 1,
                    "row": 7,
                    "col": 0,
                    "enabled": false,
                    "moduleType": "padding",
                    "variant": "board"
                },
                "padding-08": {
                    "x": 5.75,
                    "y": 1.625,
                    "a": 0,
                    "width": 3,
                    "height": 2,
                    "row": 8,
                    "col": 0,
                    "enabled": true,
                    "moduleType": "padding",
                    "variant": ""
                }
            },
            "row": 4,
            "col": 8
        },
        "rightData": {
            "schemeVersion": "1.3",
            "modules": {
                "switch-00-00": {
                    "x": 0.125,
                    "y": 0,
                    "a": 0,
                    "width": 1,
                    "height": 1,
                    "row": 0,
                    "col": 0,
                    "enabled": false,
                    "moduleType": "switch"
                },
                "switch-00-01": {
                    "moduleType": "switch",
                    "x": 4,
                    "y": 1,
                    "row": 0,
                    "col": 1,
                    "width": 1,
                    "height": 1,
                    "a": 0,
                    "variant": "",
                    "enabled": false,
                    "keycapOption": {}
                },
                "switch-00-02": {
                    "moduleType": "switch",
                    "x": 4,
                    "y": 1,
                    "row": 0,
                    "col": 2,
                    "width": 1,
                    "height": 1,
                    "a": 0,
                    "variant": "",
                    "enabled": true,
                    "keycapOption": {}
                },
                "switch-00-03": {
                    "moduleType": "switch",
                    "x": 5,
                    "y": 0.75,
                    "row": 0,
                    "col": 3,
                    "width": 1,
                    "height": 1,
                    "a": 0,
                    "variant": "",
                    "enabled": true,
                    "keycapOption": {}
                },
                "switch-00-04": {
                    "moduleType": "switch",
                    "x": 6,
                    "y": 0.5,
                    "row": 0,
                    "col": 4,
                    "width": 1,
                    "height": 1,
                    "a": 0,
                    "variant": "",
                    "enabled": true,
                    "keycapOption": {}
                },
                "switch-00-05": {
                    "moduleType": "switch",
                    "x": 7,
                    "y": 0.75,
                    "row": 0,
                    "col": 5,
                    "width": 1,
                    "height": 1,
                    "a": 0,
                    "enabled": true,
                    "keycapOption": {}
                },
                "switch-00-06": {
                    "moduleType": "switch",
                    "x": 8,
                    "y": 1,
                    "row": 0,
                    "col": 6,
                    "width": 1,
                    "height": 1,
                    "a": 0,
                    "enabled": true,
                    "keycapOption": {}
                },
                "switch-00-07": {
                    "moduleType": "switch",
                    "x": 9,
                    "y": 1,
                    "row": 0,
                    "col": 7,
                    "width": 1,
                    "height": 1,
                    "a": 0,
                    "enabled": true,
                    "keycapOption": {}
                },
                "switch-00-08": {
                    "x": 8.125,
                    "y": 0,
                    "a": 0,
                    "width": 1,
                    "height": 1,
                    "row": 0,
                    "col": 8,
                    "enabled": false,
                    "moduleType": "switch"
                },
                "switch-00-09": {
                    "x": 9.125,
                    "y": 0,
                    "a": 0,
                    "width": 1,
                    "height": 1,
                    "row": 0,
                    "col": 9,
                    "enabled": false,
                    "moduleType": "switch"
                },
                "switch-00-10": {
                    "x": 10.125,
                    "y": 0,
                    "a": 0,
                    "width": 1,
                    "height": 1,
                    "row": 0,
                    "col": 10,
                    "enabled": false,
                    "moduleType": "switch"
                },
                "switch-00-11": {
                    "x": 11.125,
                    "y": 0,
                    "a": 0,
                    "width": 1,
                    "height": 1,
                    "row": 0,
                    "col": 11,
                    "enabled": false,
                    "moduleType": "switch"
                },
                "switch-00-12": {
                    "x": 12.125,
                    "y": 0,
                    "a": 0,
                    "width": 1,
                    "height": 1,
                    "row": 0,
                    "col": 12,
                    "enabled": false,
                    "moduleType": "switch"
                },
                "switch-01-00": {
                    "moduleType": "switch",
                    "x": 2,
                    "y": 3.375,
                    "row": 1,
                    "col": 0,
                    "width": 1,
                    "height": 1,
                    "a": 0,
                    "variant": "",
                    "enabled": false,
                    "keycapOption": {
                        "rowIndex": "R3",
                        "isHoming": false
                    }
                },
                "switch-01-01": {
                    "moduleType": "switch",
                    "x": 3,
                    "y": 3.125,
                    "row": 1,
                    "col": 1,
                    "width": 1,
                    "height": 1,
                    "a": 0,
                    "variant": "",
                    "enabled": false,
                    "keycapOption": {}
                },
                "switch-01-02": {
                    "moduleType": "switch",
                    "x": 4,
                    "y": 2,
                    "row": 1,
                    "col": 2,
                    "width": 1,
                    "height": 1,
                    "a": 0,
                    "variant": "",
                    "enabled": true,
                    "keycapOption": {}
                },
                "switch-01-03": {
                    "moduleType": "switch",
                    "x": 5,
                    "y": 1.75,
                    "row": 1,
                    "col": 3,
                    "width": 1,
                    "height": 1,
                    "a": 0,
                    "enabled": true,
                    "keycapOption": {}
                },
                "switch-01-04": {
                    "moduleType": "switch",
                    "x": 6,
                    "y": 1.5,
                    "row": 1,
                    "col": 4,
                    "width": 1,
                    "height": 1,
                    "a": 0,
                    "variant": "",
                    "enabled": true,
                    "keycapOption": {}
                },
                "switch-01-05": {
                    "moduleType": "switch",
                    "x": 7,
                    "y": 1.75,
                    "row": 1,
                    "col": 5,
                    "width": 1,
                    "height": 1,
                    "a": 0,
                    "enabled": true,
                    "keycapOption": {}
                },
                "switch-01-06": {
                    "moduleType": "switch",
                    "x": 8,
                    "y": 2,
                    "row": 1,
                    "col": 6,
                    "width": 1,
                    "height": 1,
                    "a": 0,
                    "variant": "",
                    "enabled": true,
                    "keycapOption": {}
                },
                "switch-01-07": {
                    "moduleType": "switch",
                    "x": 9,
                    "y": 2,
                    "row": 1,
                    "col": 7,
                    "width": 1,
                    "height": 1,
                    "a": 0,
                    "variant": "",
                    "enabled": true,
                    "keycapOption": {}
                },
                "switch-01-08": {
                    "x": 8.125,
                    "y": 1,
                    "a": 0,
                    "width": 1,
                    "height": 1,
                    "row": 1,
                    "col": 8,
                    "enabled": false,
                    "moduleType": "switch"
                },
                "switch-01-09": {
                    "x": 9.125,
                    "y": 1,
                    "a": 0,
                    "width": 1,
                    "height": 1,
                    "row": 1,
                    "col": 9,
                    "enabled": false,
                    "moduleType": "switch"
                },
                "switch-01-10": {
                    "x": 10.125,
                    "y": 1,
                    "a": 0,
                    "width": 1,
                    "height": 1,
                    "row": 1,
                    "col": 10,
                    "enabled": false,
                    "moduleType": "switch"
                },
                "switch-01-11": {
                    "x": 11.125,
                    "y": 1,
                    "a": 0,
                    "width": 1,
                    "height": 1,
                    "row": 1,
                    "col": 11,
                    "enabled": false,
                    "moduleType": "switch"
                },
                "switch-01-12": {
                    "x": 12.125,
                    "y": 1,
                    "a": 0,
                    "width": 1,
                    "height": 1,
                    "row": 1,
                    "col": 12,
                    "enabled": false,
                    "moduleType": "switch"
                },
                "switch-02-00": {
                    "moduleType": "switch",
                    "x": 1.8659811263133221,
                    "y": 3.441829640732124,
                    "row": 2,
                    "col": 0,
                    "width": 1,
                    "height": 1,
                    "a": -23,
                    "variant": "",
                    "enabled": true,
                    "keycapOption": {}
                },
                "switch-02-01": {
                    "moduleType": "switch",
                    "x": 2.907441307035236,
                    "y": 3.114157810248943,
                    "row": 2,
                    "col": 1,
                    "width": 1,
                    "height": 1,
                    "a": -11.93,
                    "variant": "",
                    "enabled": true,
                    "keycapOption": {}
                },
                "switch-02-02": {
                    "moduleType": "switch",
                    "x": 4,
                    "y": 3,
                    "row": 2,
                    "col": 2,
                    "width": 1,
                    "height": 1,
                    "a": 0,
                    "enabled": true,
                    "keycapOption": {}
                },
                "switch-02-03": {
                    "moduleType": "switch",
                    "x": 5,
                    "y": 2.75,
                    "row": 2,
                    "col": 3,
                    "width": 1,
                    "height": 1,
                    "a": 0,
                    "variant": "",
                    "enabled": true,
                    "keycapOption": {}
                },
                "switch-02-04": {
                    "moduleType": "switch",
                    "x": 6,
                    "y": 2.5,
                    "row": 2,
                    "col": 4,
                    "width": 1,
                    "height": 1,
                    "a": 0,
                    "variant": "",
                    "enabled": true,
                    "keycapOption": {}
                },
                "switch-02-05": {
                    "moduleType": "switch",
                    "x": 7,
                    "y": 2.75,
                    "row": 2,
                    "col": 5,
                    "width": 1,
                    "height": 1,
                    "a": 0,
                    "enabled": true,
                    "keycapOption": {}
                },
                "switch-02-06": {
                    "moduleType": "switch",
                    "x": 8,
                    "y": 3,
                    "row": 2,
                    "col": 6,
                    "width": 1,
                    "height": 1,
                    "a": 0,
                    "enabled": true,
                    "keycapOption": {}
                },
                "switch-02-07": {
                    "moduleType": "switch",
                    "x": 9,
                    "y": 3,
                    "row": 2,
                    "col": 7,
                    "width": 1,
                    "height": 1,
                    "a": 0,
                    "enabled": true,
                    "keycapOption": {}
                },
                "switch-02-08": {
                    "x": 8.125,
                    "y": 2,
                    "a": 0,
                    "width": 1,
                    "height": 1,
                    "row": 2,
                    "col": 8,
                    "enabled": false,
                    "moduleType": "switch"
                },
                "switch-02-09": {
                    "x": 9.125,
                    "y": 2,
                    "a": 0,
                    "width": 1,
                    "height": 1,
                    "row": 2,
                    "col": 9,
                    "enabled": false,
                    "moduleType": "switch"
                },
                "switch-02-10": {
                    "x": 10.125,
                    "y": 2,
                    "a": 0,
                    "width": 1,
                    "height": 1,
                    "row": 2,
                    "col": 10,
                    "enabled": false,
                    "moduleType": "switch"
                },
                "switch-02-11": {
                    "x": 11.125,
                    "y": 2,
                    "a": 0,
                    "width": 1,
                    "height": 1,
                    "row": 2,
                    "col": 11,
                    "enabled": false,
                    "moduleType": "switch"
                },
                "switch-02-12": {
                    "x": 12.125,
                    "y": 2,
                    "a": 0,
                    "width": 1,
                    "height": 1,
                    "row": 2,
                    "col": 12,
                    "enabled": false,
                    "moduleType": "switch"
                },
                "switch-03-00": {
                    "moduleType": "switch",
                    "x": 2,
                    "y": 3.25,
                    "row": 3,
                    "col": 0,
                    "width": 1,
                    "height": 1,
                    "a": 0,
                    "variant": "",
                    "enabled": false,
                    "keycapOption": {}
                },
                "switch-03-01": {
                    "moduleType": "switch",
                    "x": 2.242034332913696,
                    "y": 4.523611269339378,
                    "row": 3,
                    "col": 1,
                    "width": 1,
                    "height": 1,
                    "a": -23,
                    "variant": "",
                    "enabled": true,
                    "keycapOption": {}
                },
                "switch-03-02": {
                    "moduleType": "switch",
                    "x": 3.2834945136356097,
                    "y": 4.195939438856197,
                    "row": 3,
                    "col": 2,
                    "width": 1,
                    "height": 1,
                    "a": -11.93,
                    "variant": "",
                    "enabled": true,
                    "keycapOption": {}
                },
                "switch-03-03": {
                    "moduleType": "switch",
                    "x": 4.376053206600374,
                    "y": 4.081781628607254,
                    "row": 3,
                    "col": 3,
                    "width": 1,
                    "height": 1,
                    "a": 0,
                    "variant": "",
                    "enabled": true,
                    "keycapOption": {}
                },
                "switch-03-04": {
                    "moduleType": "switch",
                    "x": 6,
                    "y": 3.5,
                    "row": 3,
                    "col": 4,
                    "width": 1,
                    "height": 1,
                    "a": 0,
                    "variant": "",
                    "enabled": true,
                    "keycapOption": {}
                },
                "switch-03-05": {
                    "moduleType": "switch",
                    "x": 7,
                    "y": 3.75,
                    "row": 3,
                    "col": 5,
                    "width": 1,
                    "height": 1,
                    "a": 0,
                    "enabled": true,
                    "keycapOption": {}
                },
                "switch-03-06": {
                    "moduleType": "switch",
                    "x": 8,
                    "y": 4,
                    "row": 3,
                    "col": 6,
                    "width": 1,
                    "height": 1,
                    "a": 0,
                    "enabled": true,
                    "keycapOption": {}
                },
                "switch-03-07": {
                    "moduleType": "switch",
                    "x": 9,
                    "y": 4,
                    "row": 3,
                    "col": 7,
                    "width": 1,
                    "height": 1,
                    "a": 0,
                    "enabled": true,
                    "keycapOption": {}
                },
                "switch-03-08": {
                    "x": 8.125,
                    "y": 3,
                    "a": 0,
                    "width": 1,
                    "height": 1,
                    "row": 3,
                    "col": 8,
                    "enabled": false,
                    "moduleType": "switch"
                },
                "switch-03-09": {
                    "x": 9.125,
                    "y": 3,
                    "a": 0,
                    "width": 1,
                    "height": 1,
                    "row": 3,
                    "col": 9,
                    "enabled": false,
                    "moduleType": "switch"
                },
                "switch-03-10": {
                    "x": 10.125,
                    "y": 3,
                    "a": 0,
                    "width": 1,
                    "height": 1,
                    "row": 3,
                    "col": 10,
                    "enabled": false,
                    "moduleType": "switch"
                },
                "switch-03-11": {
                    "x": 11.125,
                    "y": 3,
                    "a": 0,
                    "width": 1,
                    "height": 1,
                    "row": 3,
                    "col": 11,
                    "enabled": false,
                    "moduleType": "switch"
                },
                "switch-03-12": {
                    "x": 12.125,
                    "y": 3,
                    "a": 0,
                    "width": 1,
                    "height": 1,
                    "row": 3,
                    "col": 12,
                    "enabled": false,
                    "moduleType": "switch"
                },
                "switch-04-00": {
                    "x": 0.125,
                    "y": 4,
                    "a": 0,
                    "width": 1,
                    "height": 1,
                    "row": 4,
                    "col": 0,
                    "enabled": false,
                    "moduleType": "switch"
                },
                "switch-04-01": {
                    "x": 1.125,
                    "y": 4,
                    "a": 0,
                    "width": 1,
                    "height": 1,
                    "row": 4,
                    "col": 1,
                    "enabled": false,
                    "moduleType": "switch"
                },
                "switch-04-02": {
                    "x": 2.125,
                    "y": 4,
                    "a": 0,
                    "width": 1,
                    "height": 1,
                    "row": 4,
                    "col": 2,
                    "enabled": false,
                    "moduleType": "switch"
                },
                "switch-04-03": {
                    "x": 3.125,
                    "y": 4,
                    "a": 0,
                    "width": 1,
                    "height": 1,
                    "row": 4,
                    "col": 3,
                    "enabled": false,
                    "moduleType": "switch"
                },
                "switch-04-04": {
                    "x": 4.125,
                    "y": 4,
                    "a": 0,
                    "width": 1,
                    "height": 1,
                    "row": 4,
                    "col": 4,
                    "enabled": false,
                    "moduleType": "switch"
                },
                "switch-04-05": {
                    "x": 5.125,
                    "y": 4,
                    "a": 0,
                    "width": 1,
                    "height": 1,
                    "row": 4,
                    "col": 5,
                    "enabled": false,
                    "moduleType": "switch"
                },
                "switch-04-06": {
                    "x": 6.125,
                    "y": 4,
                    "a": 0,
                    "width": 1,
                    "height": 1,
                    "row": 4,
                    "col": 6,
                    "enabled": false,
                    "moduleType": "switch"
                },
                "switch-04-07": {
                    "x": 7.125,
                    "y": 4,
                    "a": 0,
                    "width": 1,
                    "height": 1,
                    "row": 4,
                    "col": 7,
                    "enabled": false,
                    "moduleType": "switch"
                },
                "switch-04-08": {
                    "x": 8.125,
                    "y": 4,
                    "a": 0,
                    "width": 1,
                    "height": 1,
                    "row": 4,
                    "col": 8,
                    "enabled": false,
                    "moduleType": "switch"
                },
                "switch-04-09": {
                    "x": 9.125,
                    "y": 4,
                    "a": 0,
                    "width": 1,
                    "height": 1,
                    "row": 4,
                    "col": 9,
                    "enabled": false,
                    "moduleType": "switch"
                },
                "switch-04-10": {
                    "x": 10.125,
                    "y": 4,
                    "a": 0,
                    "width": 1,
                    "height": 1,
                    "row": 4,
                    "col": 10,
                    "enabled": false,
                    "moduleType": "switch"
                },
                "switch-04-11": {
                    "x": 11.125,
                    "y": 4,
                    "a": 0,
                    "width": 1,
                    "height": 1,
                    "row": 4,
                    "col": 11,
                    "enabled": false,
                    "moduleType": "switch"
                },
                "switch-04-12": {
                    "x": 12.125,
                    "y": 4,
                    "a": 0,
                    "width": 1,
                    "height": 1,
                    "row": 4,
                    "col": 12,
                    "enabled": false,
                    "moduleType": "switch"
                },
                "switch-05-00": {
                    "x": 0.125,
                    "y": 5,
                    "a": 0,
                    "width": 1,
                    "height": 1,
                    "row": 5,
                    "col": 0,
                    "enabled": false,
                    "moduleType": "switch"
                },
                "switch-05-01": {
                    "x": 1.125,
                    "y": 5,
                    "a": 0,
                    "width": 1,
                    "height": 1,
                    "row": 5,
                    "col": 1,
                    "enabled": false,
                    "moduleType": "switch"
                },
                "switch-05-02": {
                    "x": 2.125,
                    "y": 5,
                    "a": 0,
                    "width": 1,
                    "height": 1,
                    "row": 5,
                    "col": 2,
                    "enabled": false,
                    "moduleType": "switch"
                },
                "switch-05-03": {
                    "x": 3.125,
                    "y": 5,
                    "a": 0,
                    "width": 1,
                    "height": 1,
                    "row": 5,
                    "col": 3,
                    "enabled": false,
                    "moduleType": "switch"
                },
                "switch-05-04": {
                    "x": 4.125,
                    "y": 5,
                    "a": 0,
                    "width": 1,
                    "height": 1,
                    "row": 5,
                    "col": 4,
                    "enabled": false,
                    "moduleType": "switch"
                },
                "switch-05-05": {
                    "x": 5.125,
                    "y": 5,
                    "a": 0,
                    "width": 1,
                    "height": 1,
                    "row": 5,
                    "col": 5,
                    "enabled": false,
                    "moduleType": "switch"
                },
                "switch-05-06": {
                    "x": 6.125,
                    "y": 5,
                    "a": 0,
                    "width": 1,
                    "height": 1,
                    "row": 5,
                    "col": 6,
                    "enabled": false,
                    "moduleType": "switch"
                },
                "switch-05-07": {
                    "x": 7.125,
                    "y": 5,
                    "a": 0,
                    "width": 1,
                    "height": 1,
                    "row": 5,
                    "col": 7,
                    "enabled": false,
                    "moduleType": "switch"
                },
                "switch-05-08": {
                    "x": 8.125,
                    "y": 5,
                    "a": 0,
                    "width": 1,
                    "height": 1,
                    "row": 5,
                    "col": 8,
                    "enabled": false,
                    "moduleType": "switch"
                },
                "switch-05-09": {
                    "x": 9.125,
                    "y": 5,
                    "a": 0,
                    "width": 1,
                    "height": 1,
                    "row": 5,
                    "col": 9,
                    "enabled": false,
                    "moduleType": "switch"
                },
                "switch-05-10": {
                    "x": 10.125,
                    "y": 5,
                    "a": 0,
                    "width": 1,
                    "height": 1,
                    "row": 5,
                    "col": 10,
                    "enabled": false,
                    "moduleType": "switch"
                },
                "switch-05-11": {
                    "x": 11.125,
                    "y": 5,
                    "a": 0,
                    "width": 1,
                    "height": 1,
                    "row": 5,
                    "col": 11,
                    "enabled": false,
                    "moduleType": "switch"
                },
                "switch-05-12": {
                    "x": 12.125,
                    "y": 5,
                    "a": 0,
                    "width": 1,
                    "height": 1,
                    "row": 5,
                    "col": 12,
                    "enabled": false,
                    "moduleType": "switch"
                },
                "controller": {
                    "x": 6,
                    "y": 0.75,
                    "a": 0,
                    "width": 0,
                    "height": 1,
                    "row": 1,
                    "col": 0,
                    "enabled": true,
                    "moduleType": "controller",
                    "variant": "side-1"
                },
                "encoder": {
                    "x": 0.125,
                    "y": 0,
                    "a": 0,
                    "width": 1,
                    "height": 1,
                    "row": 4,
                    "col": 1,
                    "enabled": false,
                    "moduleType": "encoder"
                },
                "trackball": {
                    "moduleType": "trackball",
                    "x": 2.125,
                    "y": 1.375,
                    "row": 4,
                    "col": 2,
                    "width": 2,
                    "height": 2,
                    "a": 0,
                    "variant": "index-34",
                    "enabled": true,
                    "keycapOption": {}
                },
                "trackpad": {
                    "x": 0,
                    "y": 2.25,
                    "a": 0,
                    "width": 2,
                    "height": 2,
                    "row": 4,
                    "col": 3,
                    "enabled": false,
                    "moduleType": "trackpad",
                    "variant": "circle-30",
                    "zOffset": 0
                },
                "switch-06-00": {
                    "x": 0.375,
                    "y": 6.375,
                    "a": 0,
                    "width": 1,
                    "height": 1,
                    "row": 6,
                    "col": 0,
                    "enabled": false,
                    "moduleType": "switch"
                },
                "switch-06-01": {
                    "x": 1.375,
                    "y": 6.375,
                    "a": 0,
                    "width": 1,
                    "height": 1,
                    "row": 6,
                    "col": 1,
                    "enabled": false,
                    "moduleType": "switch"
                },
                "switch-06-02": {
                    "x": 2.375,
                    "y": 6.375,
                    "a": 0,
                    "width": 1,
                    "height": 1,
                    "row": 6,
                    "col": 2,
                    "enabled": false,
                    "moduleType": "switch"
                },
                "switch-06-03": {
                    "x": 3.375,
                    "y": 6.375,
                    "a": 0,
                    "width": 1,
                    "height": 1,
                    "row": 6,
                    "col": 3,
                    "enabled": false,
                    "moduleType": "switch"
                },
                "switch-00-13": {
                    "moduleType": "switch",
                    "x": 13.125,
                    "y": 2,
                    "row": 0,
                    "col": 13,
                    "width": 1,
                    "height": 1,
                    "a": 0,
                    "variant": "",
                    "enabled": false
                },
                "switch-01-13": {
                    "moduleType": "switch",
                    "x": 13.125,
                    "y": 3,
                    "row": 1,
                    "col": 13,
                    "width": 1,
                    "height": 1,
                    "a": 0,
                    "enabled": false
                },
                "switch-02-13": {
                    "moduleType": "switch",
                    "x": 13.125,
                    "y": 4,
                    "row": 2,
                    "col": 13,
                    "width": 1,
                    "height": 1,
                    "a": 0,
                    "enabled": false
                },
                "switch-03-13": {
                    "moduleType": "switch",
                    "x": 13.125,
                    "y": 5,
                    "row": 3,
                    "col": 13,
                    "width": 1,
                    "height": 1,
                    "a": 0,
                    "enabled": false
                },
                "switch-00-14": {
                    "x": 14.125,
                    "y": 0,
                    "a": 0,
                    "width": 1,
                    "height": 1,
                    "row": 0,
                    "col": 14,
                    "enabled": false,
                    "moduleType": "switch",
                    "variant": "default"
                },
                "switch-01-14": {
                    "x": 14.125,
                    "y": 1,
                    "a": 0,
                    "width": 1,
                    "height": 1,
                    "row": 1,
                    "col": 14,
                    "enabled": false,
                    "moduleType": "switch",
                    "variant": "default"
                },
                "switch-02-14": {
                    "x": 14.125,
                    "y": 2,
                    "a": 0,
                    "width": 1,
                    "height": 1,
                    "row": 2,
                    "col": 14,
                    "enabled": false,
                    "moduleType": "switch",
                    "variant": "default"
                },
                "switch-00-15": {
                    "x": 15.125,
                    "y": 0,
                    "a": 0,
                    "width": 1,
                    "height": 1,
                    "row": 0,
                    "col": 15,
                    "enabled": false,
                    "moduleType": "switch",
                    "variant": "default"
                },
                "switch-00-16": {
                    "x": 16.125,
                    "y": 0,
                    "a": 0,
                    "width": 1,
                    "height": 1,
                    "row": 0,
                    "col": 16,
                    "enabled": false,
                    "moduleType": "switch",
                    "variant": "default"
                },
                "switch-03-14": {
                    "x": 14.125,
                    "y": 3,
                    "a": 0,
                    "width": 1,
                    "height": 1,
                    "row": 3,
                    "col": 14,
                    "enabled": false,
                    "moduleType": "switch",
                    "variant": "default"
                },
                "switch-01-15": {
                    "x": 15.125,
                    "y": 1,
                    "a": 0,
                    "width": 1,
                    "height": 1,
                    "row": 1,
                    "col": 15,
                    "enabled": false,
                    "moduleType": "switch",
                    "variant": "default"
                },
                "switch-02-15": {
                    "x": 15.125,
                    "y": 2,
                    "a": 0,
                    "width": 1,
                    "height": 1,
                    "row": 2,
                    "col": 15,
                    "enabled": false,
                    "moduleType": "switch",
                    "variant": "default"
                },
                "switch-03-15": {
                    "x": 15.125,
                    "y": 3,
                    "a": 0,
                    "width": 1,
                    "height": 1,
                    "row": 3,
                    "col": 15,
                    "enabled": false,
                    "moduleType": "switch",
                    "variant": "default"
                },
                "switch-01-16": {
                    "x": 16.125,
                    "y": 1,
                    "a": 0,
                    "width": 1,
                    "height": 1,
                    "row": 1,
                    "col": 16,
                    "enabled": false,
                    "moduleType": "switch",
                    "variant": "default"
                },
                "switch-02-16": {
                    "x": 16.125,
                    "y": 2,
                    "a": 0,
                    "width": 1,
                    "height": 1,
                    "row": 2,
                    "col": 16,
                    "enabled": false,
                    "moduleType": "switch",
                    "variant": "default"
                },
                "switch-03-16": {
                    "x": 16.125,
                    "y": 3,
                    "a": 0,
                    "width": 1,
                    "height": 1,
                    "row": 3,
                    "col": 16,
                    "enabled": false,
                    "moduleType": "switch",
                    "variant": "default"
                },
                "switch-00-17": {
                    "x": 17.125,
                    "y": 0,
                    "a": 0,
                    "width": 1,
                    "height": 1,
                    "row": 0,
                    "col": 17,
                    "enabled": false,
                    "moduleType": "switch",
                    "variant": "default"
                },
                "switch-01-17": {
                    "x": 17.125,
                    "y": 1,
                    "a": 0,
                    "width": 1,
                    "height": 1,
                    "row": 1,
                    "col": 17,
                    "enabled": false,
                    "moduleType": "switch",
                    "variant": "default"
                },
                "switch-02-17": {
                    "x": 17.125,
                    "y": 2,
                    "a": 0,
                    "width": 1,
                    "height": 1,
                    "row": 2,
                    "col": 17,
                    "enabled": false,
                    "moduleType": "switch",
                    "variant": "default"
                },
                "switch-03-17": {
                    "x": 17.125,
                    "y": 3,
                    "a": 0,
                    "width": 1,
                    "height": 1,
                    "row": 3,
                    "col": 17,
                    "enabled": false,
                    "moduleType": "switch",
                    "variant": "default"
                },
                "switch-06-04": {
                    "x": 4.125,
                    "y": 6,
                    "a": 0,
                    "width": 1,
                    "height": 1,
                    "row": 6,
                    "col": 4,
                    "enabled": false,
                    "moduleType": "switch"
                },
                "switch-06-05": {
                    "x": 5.125,
                    "y": 6,
                    "a": 0,
                    "width": 1,
                    "height": 1,
                    "row": 6,
                    "col": 5,
                    "enabled": false,
                    "moduleType": "switch"
                },
                "switch-06-06": {
                    "x": 7.5,
                    "y": 6.5,
                    "a": 0,
                    "width": 1,
                    "height": 1,
                    "row": 6,
                    "col": 6,
                    "enabled": false,
                    "moduleType": "switch"
                },
                "switch-06-07": {
                    "x": 8.5,
                    "y": 6.5,
                    "a": 0,
                    "width": 1,
                    "height": 1,
                    "row": 6,
                    "col": 7,
                    "enabled": false,
                    "moduleType": "switch"
                },
                "switch-06-08": {
                    "x": 9.5,
                    "y": 6.5,
                    "a": 0,
                    "width": 1,
                    "height": 1,
                    "row": 6,
                    "col": 8,
                    "enabled": false,
                    "moduleType": "switch"
                },
                "padding-00": {
                    "moduleType": "padding",
                    "x": 3.8420986780207977,
                    "y": 3.9361005309548416,
                    "row": 0,
                    "col": 0,
                    "width": 1,
                    "height": 1.25,
                    "a": -23,
                    "variant": "board",
                    "enabled": false,
                    "keycapOption": {}
                },
                "padding-03": {
                    "moduleType": "padding",
                    "x": 5.75,
                    "y": 3,
                    "row": 3,
                    "col": 0,
                    "width": 1.5,
                    "height": 2,
                    "a": 0,
                    "variant": "blocker",
                    "enabled": false,
                    "keycapOption": {}
                },
                "padding-04": {
                    "moduleType": "padding",
                    "x": 4.000540617967982,
                    "y": 1.9550500308368575,
                    "row": 4,
                    "col": 0,
                    "width": 0.25,
                    "height": 0.125,
                    "a": 0,
                    "variant": "blocker",
                    "enabled": true,
                    "keycapOption": {}
                },
                "padding-01": {
                    "moduleType": "padding",
                    "x": 3.625,
                    "y": 3.6715789473684204,
                    "row": 1,
                    "col": 0,
                    "width": 1,
                    "height": 1,
                    "a": -18,
                    "variant": "blocker",
                    "enabled": false,
                    "keycapOption": {}
                },
                "padding-02": {
                    "moduleType": "padding",
                    "x": 4.650000000000002,
                    "y": 3.474999999999998,
                    "row": 2,
                    "col": 0,
                    "width": 1,
                    "height": 1,
                    "a": -6,
                    "variant": "blocker",
                    "enabled": false,
                    "keycapOption": {}
                },
                "padding-05": {
                    "moduleType": "padding",
                    "x": 0.5,
                    "y": 0.5,
                    "row": 5,
                    "col": 0,
                    "width": 7,
                    "height": "0.125",
                    "a": 0,
                    "variant": "blocker",
                    "enabled": false,
                    "keycapOption": {}
                },
                "padding-06": {
                    "moduleType": "padding",
                    "x": 6.625,
                    "y": 3.375,
                    "row": 6,
                    "col": 0,
                    "width": 2,
                    "height": 1,
                    "a": 0,
                    "variant": "",
                    "enabled": false,
                    "keycapOption": {}
                },
                "padding-07": {
                    "moduleType": "padding",
                    "x": 3,
                    "y": 3.25,
                    "row": 7,
                    "col": 0,
                    "width": 0.25,
                    "height": 1,
                    "a": 0,
                    "variant": "board",
                    "enabled": false,
                    "keycapOption": {}
                },
                "padding-08": {
                    "moduleType": "padding",
                    "x": 3.75,
                    "y": 1.625,
                    "row": 8,
                    "col": 0,
                    "width": 3,
                    "height": 2,
                    "a": 0,
                    "variant": "",
                    "enabled": true,
                    "keycapOption": {}
                }
            },
            "row": 4,
            "col": 8
        }
    },
    "case": {
        "topHeight": 11.5,
        "plateHeight": 5,
        "connectorHeight": 2.5,
        "switchBoardHeight": 1.6,
        "controllerBoardHeight": 1.6,
        "batteryHeight": 6.2,
        "partsHeight": 2.5,
        "usbHeight": 3.5,
        "bottomMinThickness": 1.8,
        "tiltingAngle": 6.5,
        "tentingAngle": 0,
        "topRim": 2.5,
        "bottomRim": 2.5,
        "chamferHeight": 2,
        "chamferAngle": 30,
        "switchEmbankment": 0,
        "snapDirection": "horizontal",
        "mountType": "integrated",
        "chamferType": "R",
        "lowerChamferHeight": 2,
        "cornerType": "default"
    }
}