{"keycapProfileId":"kam","printType":"dyesub","keyboard":"split-ergo-tb","language":null,"name":null,"author":null,"mods":[],"extensions":[],"layers":[],"layoutKeys":[{"x":3.5,"y":0.5,"id":"4DGHA","sizeId":"1u","labelId":"space","rowNumber":4},{"x":14.768037747373356,"y":0.5,"id":"FXVEZ","sizeId":"1u","labelId":"space","rowNumber":4},{"x":2.5,"y":0.75,"id":"PX9AA","sizeId":"1u","labelId":"space","rowNumber":4},{"x":4.5,"y":0.75,"id":"GMGS1","sizeId":"1u","labelId":"space","rowNumber":4},{"x":13.768037747373356,"y":0.75,"id":"3FJ0D","sizeId":"1u","labelId":"space","rowNumber":4},{"x":15.768037747373356,"y":0.75,"id":"OIGV9","sizeId":"1u","labelId":"space","rowNumber":4},{"x":0.5,"y":1,"id":"3AQD0","sizeId":"1u","labelId":"space","rowNumber":4},{"x":1.5,"y":1,"id":"CSCMP","sizeId":"1u","labelId":"space","rowNumber":4},{"x":5.5,"y":1,"id":"MA2TI","sizeId":"1u","labelId":"space","rowNumber":4},{"x":12.768037747373356,"y":1,"id":"G1AUA","sizeId":"1u","labelId":"space","rowNumber":4},{"x":16.768037747373356,"y":1,"id":"MQ83A","sizeId":"1u","labelId":"space","rowNumber":4},{"x":17.768037747373356,"y":1,"id":"MW3Z7","sizeId":"1u","labelId":"space","rowNumber":4},{"x":3.5,"y":1.5,"id":"LYNO5","sizeId":"1u","labelId":"space","rowNumber":4},{"x":14.768037747373356,"y":1.5,"id":"N4NXQ","sizeId":"1u","labelId":"space","rowNumber":4},{"x":2.5,"y":1.75,"id":"9XW1H","sizeId":"1u","labelId":"space","rowNumber":4},{"x":4.5,"y":1.75,"id":"QBZ6F","sizeId":"1u","labelId":"space","rowNumber":4},{"x":13.768037747373356,"y":1.75,"id":"ZQWCL","sizeId":"1u","labelId":"space","rowNumber":4},{"x":15.768037747373356,"y":1.75,"id":"FQ8I1","sizeId":"1u","labelId":"space","rowNumber":4},{"x":0.5,"y":2,"id":"EDU5P","sizeId":"1u","labelId":"space","rowNumber":4},{"x":1.5,"y":2,"id":"TTYAY","sizeId":"1u","labelId":"space","rowNumber":4},{"x":5.5,"y":2,"id":"ZH7DL","sizeId":"1u","labelId":"space","rowNumber":4},{"x":12.768037747373356,"y":2,"id":"1Y0K8","sizeId":"1u","labelId":"space","rowNumber":4},{"x":16.768037747373356,"y":2,"id":"ULDBI","sizeId":"1u","labelId":"space","rowNumber":4},{"x":17.768037747373356,"y":2,"id":"BY9OV","sizeId":"1u","labelId":"space","rowNumber":4},{"x":3.5,"y":2.5,"id":"DR1WC","sizeId":"1u","labelId":"space","rowNumber":4},{"x":14.768037747373356,"y":2.5,"id":"CW14V","sizeId":"1u","labelId":"space","rowNumber":4},{"x":2.5,"y":2.75,"id":"C881D","sizeId":"1u","labelId":"space","rowNumber":4},{"x":4.5,"y":2.75,"id":"0Q9WQ","sizeId":"1u","labelId":"space","rowNumber":4},{"x":13.768037747373356,"y":2.75,"id":"LV1YE","sizeId":"1u","labelId":"space","rowNumber":4},{"x":15.768037747373356,"y":2.75,"id":"85TCA","sizeId":"1u","labelId":"space","rowNumber":4},{"x":0.5,"y":3,"id":"HM99B","sizeId":"1u","labelId":"space","rowNumber":4},{"x":1.5,"y":3,"id":"3DQSH","sizeId":"1u","labelId":"space","rowNumber":4},{"x":5.5,"y":3,"id":"OVTUH","sizeId":"1u","labelId":"space","rowNumber":4},{"x":12.768037747373356,"y":3,"id":"HU2XZ","sizeId":"1u","labelId":"space","rowNumber":4},{"x":16.768037747373356,"y":3,"id":"VY1ZS","sizeId":"1u","labelId":"space","rowNumber":4},{"x":17.768037747373356,"y":3,"id":"SG5RY","sizeId":"1u","labelId":"space","rowNumber":4},{"x":6.592558692964764,"y":3.114157810248943,"id":"RKU70","sizeId":"1u","labelId":"space","rowNumber":4},{"x":11.67547905440859,"y":3.114157810248943,"id":"QX1ZG","sizeId":"1u","labelId":"space","rowNumber":4},{"x":7.634018873686678,"y":3.441829640732124,"id":"SOKU1","sizeId":"1u","labelId":"space","rowNumber":4},{"x":10.634018873686678,"y":3.441829640732124,"id":"JNNC7","sizeId":"1u","labelId":"space","rowNumber":4},{"x":3.5,"y":3.5,"id":"4YU9W","sizeId":"1u","labelId":"space","rowNumber":4},{"x":14.768037747373356,"y":3.5,"id":"VI08A","sizeId":"1u","labelId":"space","rowNumber":4},{"x":2.5,"y":3.75,"id":"6CJGX","sizeId":"1u","labelId":"space","rowNumber":4},{"x":15.768037747373356,"y":3.75,"id":"LCROK","sizeId":"1u","labelId":"space","rowNumber":4},{"x":0.5,"y":4,"id":"20ONR","sizeId":"1u","labelId":"space","rowNumber":4},{"x":1.5,"y":4,"id":"3ZQGY","sizeId":"1u","labelId":"space","rowNumber":4},{"x":16.768037747373356,"y":4,"id":"MFL2T","sizeId":"1u","labelId":"space","rowNumber":4},{"x":17.768037747373356,"y":4,"id":"XEZ94","sizeId":"1u","labelId":"space","rowNumber":4},{"x":5.123946793399626,"y":4.081781628607254,"id":"6VRUJ","sizeId":"1u","labelId":"space","rowNumber":4},{"x":13.14409095397373,"y":4.081781628607254,"id":"OZ2Z2","sizeId":"1u","labelId":"space","rowNumber":4},{"x":6.21650548636439,"y":4.195939438856197,"id":"GUZMO","sizeId":"1u","labelId":"space","rowNumber":4},{"x":12.051532261008965,"y":4.195939438856197,"id":"H0U5D","sizeId":"1u","labelId":"space","rowNumber":4},{"x":7.257965667086304,"y":4.523611269339378,"id":"NEIHR","sizeId":"1u","labelId":"space","rowNumber":4},{"x":11.010072080287053,"y":4.523611269339378,"id":"JOO05","sizeId":"1u","labelId":"space","rowNumber":4}],"profile":"kam"}